{
  "id": "Chart_7_oracle_1170",
  "project": "Chart_7",
  "focal_method": "equals",
  "test_method_with_placeholder": "testEquals",
  "oracle_code": [
    "assertTrue(i1.equals(i2));",
    "assertFalse(i1.equals(i2));",
    "assertTrue(i1.equals(i2));",
    "assertFalse(i1.equals(i2));",
    "assertTrue(i1.equals(i2));",
    "assertFalse(i1.equals(i2));",
    "assertTrue(i1.equals(i2));",
    "assertFalse(i1.equals(i2));",
    "assertTrue(i1.equals(i2));",
    "assertFalse(i1.equals(i2));",
    "assertTrue(i1.equals(i2));",
    "assertFalse(i1.equals(i2));",
    "assertTrue(i1.equals(i2));",
    "assertFalse(i1.equals(i2));",
    "assertTrue(i1.equals(i2));",
    "assertFalse(i1.equals(i2));",
    "assertTrue(i1.equals(i2));",
    "assertFalse(i1.equals(i2));",
    "assertTrue(i1.equals(i2));",
    "assertFalse(i1.equals(i2));",
    "assertTrue(i1.equals(i2));",
    "assertFalse(i1.equals(i2));",
    "assertTrue(i1.equals(i2));",
    "assertFalse(i1.equals(i2));",
    "assertTrue(i1.equals(i2));",
    "assertFalse(i1.equals(i2));",
    "assertTrue(i1.equals(i2));",
    "assertFalse(i1.equals(i2));",
    "assertTrue(i1.equals(i2));"
  ]
}