{
  "id": "Chart_8_oracle_1011",
  "project": "Chart_8",
  "focal_method": "equals",
  "test_method_with_placeholder": "testEquals",
  "oracle_code": [
    "assertTrue(n1.equals(n2));",
    "assertFalse(n1.equals(n2));",
    "assertTrue(n1.equals(n2));",
    "assertFalse(n1.equals(n2));",
    "assertTrue(n1.equals(n2));",
    "assertFalse(n1.equals(n2));",
    "assertTrue(n1.equals(n2));",
    "assertFalse(n1.equals(n2));",
    "assertTrue(n1.equals(n2));",
    "assertFalse(n1.equals(n2));",
    "assertTrue(n1.equals(n2));",
    "assertFalse(n1.equals(n2));",
    "assertTrue(n1.equals(n2));",
    "assertFalse(n1.equals(n2));",
    "assertTrue(n1.equals(n2));"
  ]
}