{
  "id": "Chart_9_oracle_1184",
  "project": "Chart_9",
  "focal_method": "equals",
  "test_method_with_placeholder": "testEquals",
  "oracle_code": [
    "assertTrue(f1.equals(f2));",
    "assertFalse(f1.equals(f2));",
    "assertTrue(f1.equals(f2));",
    "assertFalse(f1.equals(f2));",
    "assertTrue(f1.equals(f2));",
    "assertFalse(f1.equals(f2));",
    "assertTrue(f1.equals(f2));",
    "assertFalse(f1.equals(f2));",
    "assertTrue(f1.equals(f2));",
    "assertFalse(f1.equals(f2));",
    "assertTrue(f1.equals(f2));"
  ]
}