{
  "id": "Chart_9_oracle_1247",
  "project": "Chart_9",
  "focal_method": "equals",
  "test_method_with_placeholder": "testEquals",
  "oracle_code": [
    "assertTrue(s1.equals(s2));",
    "assertFalse(s1.equals(s2));",
    "assertTrue(s1.equals(s2));",
    "assertFalse(s1.equals(s2));",
    "assertTrue(s1.equals(s2));",
    "assertFalse(s1.equals(s2));",
    "assertTrue(s1.equals(s2));",
    "assertFalse(s1.equals(s2));",
    "assertTrue(s1.equals(s2));",
    "assertFalse(s1.equals(s2));",
    "assertTrue(s1.equals(s2));",
    "assertFalse(s1.equals(s2));",
    "assertTrue(s1.equals(s2));",
    "assertFalse(s1.equals(s2));",
    "assertTrue(s1.equals(s2));",
    "assertFalse(s1.equals(s2));",
    "assertTrue(s1.equals(s2));",
    "assertFalse(s1.equals(s2));",
    "assertTrue(s1.equals(s2));",
    "assertFalse(s1.equals(s2));",
    "assertTrue(s1.equals(s2));",
    "assertFalse(s1.equals(s2));",
    "assertTrue(s1.equals(s2));",
    "assertFalse(s1.equals(s2));",
    "assertTrue(s1.equals(s2));",
    "assertFalse(s1.equals(s2));",
    "assertTrue(s1.equals(s2));",
    "assertFalse(s1.equals(s2));",
    "assertTrue(s1.equals(s2));",
    "assertFalse(s1.equals(s2));",
    "assertTrue(s1.equals(s2));",
    "assertFalse(s1.equals(s2));",
    "assertTrue(s1.equals(s2));"
  ]
}