{
  "id": "Chart_10_oracle_1069",
  "project": "Chart_10",
  "focal_method": "equals",
  "test_method_with_placeholder": "testEquals",
  "oracle_code": [
    "assertTrue(c1.equals(c2));",
    "assertFalse(c1.equals(c2));",
    "assertTrue(c1.equals(c2));",
    "assertFalse(c1.equals(c2));",
    "assertFalse(c1.equals(c2));",
    "assertTrue(c1.equals(c2));",
    "assertFalse(c1.equals(c2));",
    "assertTrue(c1.equals(c2));",
    "assertFalse(c1.equals(c2));",
    "assertTrue(c1.equals(c2));"
  ]
}