{
  "id": "Chart_10_oracle_110",
  "project": "Chart_10",
  "focal_method": "equals",
  "test_method_with_placeholder": "testEquals",
  "oracle_code": [
    "assertTrue(a1.equals(a2));",
    "assertTrue(a2.equals(a1));",
    "assertFalse(a1.equals(a2));",
    "assertTrue(a1.equals(a2));",
    "assertFalse(a1.equals(a2));",
    "assertTrue(a1.equals(a2));",
    "assertFalse(a1.equals(a2));",
    "assertTrue(a1.equals(a2));",
    "assertFalse(a1.equals(a2));",
    "assertTrue(a1.equals(a2));"
  ]
}