{
  "id": "Chart_10_oracle_1101",
  "project": "Chart_10",
  "focal_method": "equals",
  "test_method_with_placeholder": "testEquals",
  "oracle_code": [
    "assertTrue(p1.equals(p2));",
    "assertFalse(p1.equals(p2));",
    "assertTrue(p1.equals(p2));",
    "assertFalse(p1.equals(p2));",
    "assertTrue(p1.equals(p2));",
    "assertFalse(p1.equals(p2));",
    "assertTrue(p1.equals(p2));",
    "assertFalse(p1.equals(p2));",
    "assertTrue(p1.equals(p2));",
    "assertFalse(p1.equals(p2));",
    "assertTrue(p1.equals(p2));",
    "assertFalse(p1.equals(p2));",
    "assertTrue(p1.equals(p2));",
    "assertFalse(p1.equals(p2));",
    "assertTrue(p1.equals(p2));"
  ]
}