{
  "id": "Chart_2_oracle_1141",
  "project": "Chart_2",
  "focal_method": "equals",
  "test_method_with_placeholder": "testEquals",
  "oracle_code": [
    "assertTrue(g1.equals(g2));",
    "assertFalse(g1.equals(g2));",
    "assertTrue(g1.equals(g2));",
    "assertFalse(g1.equals(g2));",
    "assertTrue(g1.equals(g2));",
    "assertFalse(g1.equals(g2));",
    "assertTrue(g1.equals(g2));",
    "assertFalse(g1.equals(g2));",
    "assertTrue(g1.equals(g2));",
    "assertTrue(g1.equals(g2));",
    "assertFalse(g1.equals(g2));",
    "assertTrue(g1.equals(g2));",
    "assertFalse(g1.equals(g2));",
    "assertTrue(g1.equals(g2));",
    "assertFalse(g1.equals(g2));",
    "assertTrue(g1.equals(g2));"
  ]
}