{
  "id": "Chart_2_oracle_1238",
  "project": "Chart_2",
  "focal_method": "equals",
  "test_method_with_placeholder": "testEquals",
  "oracle_code": [
    "assertTrue(c1.equals(c2));",
    "assertFalse(c1.equals(c2));",
    "assertTrue(c1.equals(c2));",
    "assertFalse(c1.equals(c2));",
    "assertFalse(c1.equals(c2));",
    "assertTrue(c1.equals(c2));",
    "assertFalse(c1.equals(c2));",
    "assertTrue(c1.equals(c2));",
    "assertFalse(c1.equals(c2));",
    "assertTrue(c1.equals(c2));"
  ]
}