{
  "id": "Chart_5_oracle_1207",
  "project": "Chart_5",
  "focal_method": "equals",
  "test_method_with_placeholder": "testEquals",
  "oracle_code": [
    "assertTrue(p1.equals(p2));",
    "assertFalse(p1.equals(p2));",
    "assertTrue(p1.equals(p2));",
    "assertFalse(p1.equals(p2));",
    "assertTrue(p1.equals(p2));",
    "assertFalse(p1.equals(p2));",
    "assertTrue(p1.equals(p2));",
    "assertFalse(p1.equals(p2));",
    "assertTrue(p1.equals(p2));",
    "assertFalse(p1.equals(p2));",
    "assertTrue(p1.equals(p2));",
    "assertFalse(p1.equals(p2));",
    "assertTrue(p1.equals(p2));",
    "assertFalse(p1.equals(p2));",
    "assertTrue(p1.equals(p2));"
  ]
}