{
  "id": "Chart_5_oracle_1153",
  "project": "Chart_5",
  "focal_method": "equals",
  "test_method_with_placeholder": "testEquals",
  "oracle_code": [
    "assertTrue(f1.equals(f2));",
    "assertFalse(f1.equals(f2));",
    "assertTrue(f1.equals(f2));",
    "assertFalse(f1.equals(f2));",
    "assertTrue(f1.equals(f2));",
    "assertFalse(f1.equals(f2));",
    "assertTrue(f1.equals(f2));",
    "assertFalse(f1.equals(f2));",
    "assertTrue(f1.equals(f2));",
    "assertFalse(f1.equals(f2));",
    "assertTrue(f1.equals(f2));",
    "assertFalse(f1.equals(f2));",
    "assertTrue(f1.equals(f2));",
    "assertFalse(f1.equals(f2));",
    "assertTrue(f1.equals(f2));",
    "assertFalse(f1.equals(f2));",
    "assertTrue(f1.equals(f2));"
  ]
}