{
  "id": "Chart_4_oracle_1340",
  "project": "Chart_4",
  "focal_method": "equals",
  "test_method_with_placeholder": "testEquals",
  "oracle_code": [
    "assertTrue(i1.equals(i2));",
    "assertFalse(i1.equals(i2));",
    "assertTrue(i1.equals(i2));",
    "assertFalse(i1.equals(i2));",
    "assertTrue(i1.equals(i2));",
    "assertFalse(i1.equals(i2));",
    "assertTrue(i1.equals(i2));",
    "assertFalse(i1.equals(i2));",
    "assertTrue(i1.equals(i2));",
    "assertFalse(i1.equals(i2));",
    "assertTrue(i1.equals(i2));",
    "assertFalse(i1.equals(i2));",
    "assertTrue(i1.equals(i2));",
    "assertFalse(i1.equals(i2));",
    "assertTrue(i1.equals(i2));",
    "assertFalse(i1.equals(i2));",
    "assertTrue(i1.equals(i2));",
    "assertFalse(i1.equals(i2));",
    "assertTrue(i1.equals(i2));",
    "assertFalse(i1.equals(i2));",
    "assertTrue(i1.equals(i2));",
    "assertFalse(i1.equals(i2));",
    "assertTrue(i1.equals(i2));",
    "assertFalse(i1.equals(i2));",
    "assertTrue(i1.equals(i2));",
    "assertFalse(i1.equals(i2));",
    "assertTrue(i1.equals(i2));",
    "assertFalse(i1.equals(i2));",
    "assertTrue(i1.equals(i2));"
  ]
}