{
  "id": "Chart_4_oracle_1354",
  "project": "Chart_4",
  "focal_method": "equals",
  "test_method_with_placeholder": "testEquals",
  "oracle_code": [
    "assertTrue(f1.equals(f2));",
    "assertFalse(f1.equals(f2));",
    "assertTrue(f1.equals(f2));",
    "assertFalse(f1.equals(f2));",
    "assertTrue(f1.equals(f2));",
    "assertFalse(f1.equals(f2));",
    "assertTrue(f1.equals(f2));",
    "assertFalse(f1.equals(f2));",
    "assertTrue(f1.equals(f2));",
    "assertFalse(f1.equals(f2));",
    "assertTrue(f1.equals(f2));"
  ]
}