{
  "id": "Chart_3_oracle_1012",
  "project": "Chart_3",
  "focal_method": "equals",
  "test_method_with_placeholder": "testEquals",
  "oracle_code": [
    "assertTrue(item1.equals(item2));",
    "assertTrue(item2.equals(item1));",
    "assertFalse(item1.equals(item2));",
    "assertTrue(item1.equals(item2));",
    "assertFalse(item1.equals(item2));",
    "assertTrue(item1.equals(item2));",
    "assertFalse(item1.equals(item2));",
    "assertTrue(item1.equals(item2));",
    "assertFalse(item1.equals(item2));",
    "assertTrue(item1.equals(item2));",
    "assertFalse(item1.equals(item2));",
    "assertTrue(item1.equals(item2));",
    "assertFalse(item1.equals(item2));",
    "assertTrue(item1.equals(item2));",
    "assertFalse(item1.equals(item2));",
    "assertTrue(item1.equals(item2));",
    "assertFalse(item1.equals(item2));",
    "assertTrue(item1.equals(item2));",
    "assertFalse(item1.equals(item2));",
    "assertTrue(item1.equals(item2));",
    "assertFalse(item1.equals(item2));",
    "assertTrue(item1.equals(item2));",
    "assertFalse(item1.equals(item2));",
    "assertTrue(item1.equals(item2));",
    "assertFalse(item1.equals(item2));",
    "assertTrue(item1.equals(item2));",
    "assertFalse(item1.equals(item2));",
    "assertTrue(item1.equals(item2));",
    "assertFalse(item1.equals(item2));",
    "assertTrue(item1.equals(item2));",
    "assertFalse(item1.equals(item2));",
    "assertTrue(item1.equals(item2));",
    "assertFalse(item1.equals(item2));",
    "assertTrue(item1.equals(item2));",
    "assertFalse(item1.equals(item2));",
    "assertTrue(item1.equals(item2));",
    "assertFalse(item1.equals(item2));",
    "assertTrue(item1.equals(item2));",
    "assertFalse(item1.equals(item2));",
    "assertTrue(item1.equals(item2));"
  ]
}