{
  "id": "Chart_3_oracle_1270",
  "project": "Chart_3",
  "focal_method": "equals",
  "test_method_with_placeholder": "testEquals",
  "oracle_code": [
    "assertTrue(p1.equals(p2));",
    "assertFalse(p1.equals(p2));",
    "assertTrue(p1.equals(p2));",
    "assertFalse(p1.equals(p2));",
    "assertTrue(p1.equals(p2));",
    "assertFalse(p1.equals(p2));",
    "assertTrue(p1.equals(p2));",
    "assertFalse(p1.equals(p2));",
    "assertTrue(p1.equals(p2));",
    "assertFalse(p1.equals(p2));",
    "assertTrue(p1.equals(p2));",
    "assertFalse(p1.equals(p2));",
    "assertTrue(p1.equals(p2));",
    "assertFalse(p1.equals(p2));",
    "assertTrue(p1.equals(p2));"
  ]
}