{
  "id": "Chart_3_oracle_1122",
  "project": "Chart_3",
  "focal_method": "equals",
  "test_method_with_placeholder": "testEquals",
  "oracle_code": [
    "assertTrue(g1.equals(g2));",
    "assertTrue(g2.equals(g1));",
    "assertFalse(g1.equals(g2));",
    "assertTrue(g1.equals(g2));",
    "assertFalse(g1.equals(g2));",
    "assertTrue(g1.equals(g2));",
    "assertFalse(g1.equals(g2));",
    "assertTrue(g1.equals(g2));",
    "assertFalse(g1.equals(g2));",
    "assertTrue(g1.equals(g2));",
    "assertFalse(g1.equals(g2));",
    "assertTrue(g1.equals(g2));"
  ]
}