{
  "id": "Chart_6_oracle_1144",
  "project": "Chart_6",
  "focal_method": "equals",
  "test_method_with_placeholder": "testEquals",
  "oracle_code": [
    "assertTrue(a1.equals(a2));",
    "assertFalse(a1.equals(a2));",
    "assertTrue(a1.equals(a2));",
    "assertFalse(a1.equals(a2));",
    "assertTrue(a1.equals(a2));",
    "assertFalse(a1.equals(a2));",
    "assertTrue(a1.equals(a2));",
    "assertFalse(a1.equals(a2));",
    "assertTrue(a1.equals(a2));",
    "assertFalse(a1.equals(a2));",
    "assertTrue(a1.equals(a2));",
    "assertFalse(a1.equals(a2));",
    "assertTrue(a1.equals(a2));"
  ]
}