{
  "id": "Chart_6_oracle_1018",
  "project": "Chart_6",
  "focal_method": "equals",
  "test_method_with_placeholder": "testEquals",
  "oracle_code": [
    "assertTrue(n1.equals(n2));",
    "assertFalse(n1.equals(n2));",
    "assertTrue(n1.equals(n2));",
    "assertFalse(n1.equals(n2));",
    "assertTrue(n1.equals(n2));",
    "assertFalse(n1.equals(n2));",
    "assertTrue(n1.equals(n2));",
    "assertFalse(n1.equals(n2));",
    "assertTrue(n1.equals(n2));",
    "assertFalse(n1.equals(n2));",
    "assertTrue(n1.equals(n2));",
    "assertFalse(n1.equals(n2));",
    "assertTrue(n1.equals(n2));",
    "assertFalse(n1.equals(n2));",
    "assertTrue(n1.equals(n2));"
  ]
}