{
  "id": "Chart_6_oracle_1261",
  "project": "Chart_6",
  "focal_method": "equals",
  "test_method_with_placeholder": "testEquals",
  "oracle_code": [
    "assertTrue(m1.equals(m2));",
    "assertTrue(m2.equals(m1));",
    "assertFalse(m1.equals(m2));",
    "assertTrue(m1.equals(m2));",
    "assertFalse(m1.equals(m2));",
    "assertTrue(m1.equals(m2));",
    "assertFalse(m1.equals(m2));",
    "assertTrue(m1.equals(m2));",
    "assertFalse(m1.equals(m2));",
    "assertTrue(m1.equals(m2));",
    "assertFalse(m1.equals(m2));",
    "assertTrue(m1.equals(m2));",
    "assertFalse(m1.equals(m2));",
    "assertTrue(m1.equals(m2));"
  ]
}